<manifest><control namespace="SampleNamespace" constructor="LabelControl" version="1.1.0" display-name-key="LabelControl" description-key="A custom list controln" control-type="standard" api-version="1.3.3"><external-service-usage enabled="true"><domain>https://fusion-customers-api.azurewebsites.net</domain></external-service-usage><property name="numberOfItems" display-name-key="Property_Display_Key" description-key="Property_Desc_Key" of-type="Decimal" usage="bound" required="true" /><property name="header" display-name-key="Property_Display_Key" description-key="Property_Desc_Key" of-type="SingleLine.Text" usage="bound" required="true" /><resources><code path="bundle.js" order="1" /></resources><built-by name="pac" version="1.9.9" /></control></manifest>